Time (local),Ozone (ppm)
2025-07-07_00:00:44,0.032
2025-07-07_00:01:40,0.032
2025-07-07_00:03:30,0.032
2025-07-07_00:04:26,0.031
2025-07-07_00:05:21,0.032
2025-07-07_00:06:16,0.032
2025-07-07_00:07:12,0.033
2025-07-07_00:08:07,0.033
2025-07-07_00:09:03,0.033
2025-07-07_00:09:58,-999
2025-07-07_00:10:53,-999
2025-07-07_00:11:49,-999
2025-07-07_00:12:44,0.033
2025-07-07_00:13:39,0.032
2025-07-07_00:15:30,0.031
2025-07-07_00:16:26,0.031
2025-07-07_00:17:21,0.032
2025-07-07_00:18:17,0.033
2025-07-07_00:19:12,0.033
2025-07-07_00:20:07,0.032
2025-07-07_00:21:03,0.032
2025-07-07_00:21:58,0.030
2025-07-07_00:22:53,0.030
2025-07-07_00:23:49,0.031
2025-07-07_00:24:44,0.030
2025-07-07_00:25:39,0.030
2025-07-07_00:27:30,0.032
2025-07-07_00:28:25,0.033
2025-07-07_00:29:21,0.032
2025-07-07_00:30:16,0.032
2025-07-07_00:31:12,0.032
2025-07-07_00:32:07,0.032
2025-07-07_00:33:02,0.032
2025-07-07_00:33:58,0.032
2025-07-07_00:34:53,0.032
2025-07-07_00:35:49,0.031
2025-07-07_00:36:44,0.030
2025-07-07_00:37:39,0.030
2025-07-07_00:39:30,0.032
2025-07-07_00:40:25,0.031
2025-07-07_00:41:21,0.031
2025-07-07_00:42:16,0.030
2025-07-07_00:43:11,0.030
2025-07-07_00:44:07,0.032
2025-07-07_00:45:02,0.030
2025-07-07_00:45:58,0.030
2025-07-07_00:46:53,0.030
2025-07-07_00:47:48,0.031
2025-07-07_00:48:44,0.031
2025-07-07_00:49:39,0.031
2025-07-07_00:51:30,0.031
2025-07-07_00:52:25,0.031
2025-07-07_00:53:21,0.030
2025-07-07_00:54:16,0.030
2025-07-07_00:55:11,0.030
2025-07-07_00:56:07,0.030
2025-07-07_00:57:02,0.030
2025-07-07_00:57:58,0.030
2025-07-07_00:58:53,0.030
2025-07-07_00:59:48,0.029
2025-07-07_01:00:44,0.029
2025-07-07_01:01:39,0.029
2025-07-07_01:03:30,0.029
2025-07-07_01:04:25,0.029
2025-07-07_01:05:21,0.029
2025-07-07_01:06:16,0.029
2025-07-07_01:07:11,0.028
2025-07-07_01:08:07,0.028
2025-07-07_01:09:02,0.028
2025-07-07_01:09:58,0.028
2025-07-07_01:10:53,0.026
2025-07-07_01:11:48,0.026
2025-07-07_01:12:44,0.027
2025-07-07_01:13:39,0.028
2025-07-07_01:15:30,0.028
2025-07-07_01:16:25,0.027
2025-07-07_01:17:20,0.027
2025-07-07_01:18:16,0.027
2025-07-07_01:19:11,0.027
2025-07-07_01:20:07,0.027
2025-07-07_01:21:02,0.026
2025-07-07_01:21:57,0.025
2025-07-07_01:22:53,0.027
2025-07-07_01:23:48,0.027
2025-07-07_01:24:43,0.026
2025-07-07_01:25:39,0.026
2025-07-07_01:27:30,0.026
2025-07-07_01:28:25,0.026
2025-07-07_01:29:20,0.026
2025-07-07_01:30:16,0.025
2025-07-07_01:31:11,0.026
2025-07-07_01:32:06,0.026
2025-07-07_01:33:02,0.027
2025-07-07_01:33:57,0.027
2025-07-07_01:34:52,0.027
2025-07-07_01:35:48,0.026
2025-07-07_01:36:43,0.026
2025-07-07_01:37:39,0.026
2025-07-07_01:39:29,0.026
2025-07-07_01:40:25,0.026
2025-07-07_01:41:20,0.026
2025-07-07_01:42:16,0.026
2025-07-07_01:43:11,0.025
2025-07-07_01:44:07,0.024
2025-07-07_01:45:02,0.026
2025-07-07_01:45:57,0.026
2025-07-07_01:46:53,0.026
2025-07-07_01:47:48,0.025
2025-07-07_01:48:43,0.025
2025-07-07_01:49:39,0.025
2025-07-07_01:51:29,0.026
2025-07-07_01:52:25,0.026
2025-07-07_01:53:20,0.026
2025-07-07_01:54:15,0.026
2025-07-07_01:55:11,0.027
2025-07-07_01:56:06,0.027
2025-07-07_01:57:02,0.028
2025-07-07_01:57:57,0.028
2025-07-07_01:58:53,0.028
2025-07-07_01:59:48,0.028
2025-07-07_02:00:43,0.027
2025-07-07_02:01:39,0.028
2025-07-07_02:03:29,0.027
2025-07-07_02:04:25,0.028
2025-07-07_02:05:20,0.028
2025-07-07_02:06:15,0.028
2025-07-07_02:07:11,0.029
2025-07-07_02:08:06,0.028
2025-07-07_02:09:01,0.028
2025-07-07_02:09:57,0.026
2025-07-07_02:10:52,0.028
2025-07-07_02:11:48,0.029
2025-07-07_02:12:43,0.029
2025-07-07_02:14:34,0.028
2025-07-07_02:15:29,0.027
2025-07-07_02:16:24,0.027
2025-07-07_02:17:20,0.028
2025-07-07_02:18:15,0.028
2025-07-07_02:19:10,0.028
2025-07-07_02:20:06,0.028
2025-07-07_02:21:01,0.028
2025-07-07_02:21:56,0.028
2025-07-07_02:22:52,0.028
2025-07-07_02:23:47,0.027
2025-07-07_02:24:42,0.027
2025-07-07_02:25:38,0.027
2025-07-07_02:27:29,0.028
2025-07-07_02:28:24,0.028
2025-07-07_02:29:19,0.027
2025-07-07_02:30:15,0.028
2025-07-07_02:31:10,0.028
2025-07-07_02:32:06,0.028
2025-07-07_02:33:01,0.027
2025-07-07_02:33:56,0.027
2025-07-07_02:34:52,0.027
2025-07-07_02:35:47,0.027
2025-07-07_02:36:42,0.027
2025-07-07_02:37:38,0.026
2025-07-07_02:39:29,0.026
2025-07-07_02:40:24,0.027
2025-07-07_02:41:20,0.025
2025-07-07_02:42:15,0.024
2025-07-07_02:43:10,0.024
2025-07-07_02:44:06,0.026
2025-07-07_02:45:01,0.025
2025-07-07_02:45:57,0.026
2025-07-07_02:46:52,0.026
2025-07-07_02:47:48,0.026
2025-07-07_02:48:43,0.025
2025-07-07_02:49:39,0.025
2025-07-07_02:51:29,0.025
2025-07-07_02:52:25,0.025
2025-07-07_02:53:20,0.026
2025-07-07_02:54:16,0.026
2025-07-07_02:55:11,0.026
2025-07-07_02:56:06,0.025
2025-07-07_02:57:02,0.026
2025-07-07_02:57:57,0.026
2025-07-07_02:58:53,0.025
2025-07-07_02:59:48,0.026
2025-07-07_03:00:43,0.025
2025-07-07_03:01:39,0.024
2025-07-07_03:03:29,0.025
2025-07-07_03:04:25,0.025
2025-07-07_03:05:20,0.025
2025-07-07_03:06:15,0.025
2025-07-07_03:07:11,0.025
2025-07-07_03:08:06,0.025
2025-07-07_03:09:02,0.026
2025-07-07_03:09:57,0.025
2025-07-07_03:10:52,0.025
2025-07-07_03:11:48,0.024
2025-07-07_03:12:43,0.023
2025-07-07_03:13:39,0.023
2025-07-07_03:15:29,0.023
2025-07-07_03:16:25,0.024
2025-07-07_03:17:20,0.024
2025-07-07_03:18:16,0.023
2025-07-07_03:19:11,0.024
2025-07-07_03:20:06,0.024
2025-07-07_03:21:02,0.024
2025-07-07_03:21:57,0.024
2025-07-07_03:22:53,0.024
2025-07-07_03:23:48,0.023
2025-07-07_03:24:43,0.022
2025-07-07_03:25:39,0.022
2025-07-07_03:27:30,0.023
2025-07-07_03:28:25,0.023
2025-07-07_03:29:20,0.023
2025-07-07_03:30:16,0.024
2025-07-07_03:31:11,0.023
2025-07-07_03:32:07,0.023
2025-07-07_03:33:02,0.024
2025-07-07_03:33:57,0.024
2025-07-07_03:34:53,0.024
2025-07-07_03:35:48,0.024
2025-07-07_03:36:43,0.023
2025-07-07_03:37:39,0.024
2025-07-07_03:39:30,0.024
2025-07-07_03:40:25,0.024
2025-07-07_03:41:20,0.023
2025-07-07_03:42:16,0.023
2025-07-07_03:43:11,0.023
2025-07-07_03:44:06,0.023
2025-07-07_03:45:02,0.023
2025-07-07_03:45:57,0.022
2025-07-07_03:46:53,0.024
2025-07-07_03:47:48,0.022
2025-07-07_03:48:43,0.022
2025-07-07_03:49:39,0.023
2025-07-07_03:51:29,0.022
2025-07-07_03:52:25,0.022
2025-07-07_03:53:20,0.023
2025-07-07_03:54:16,0.022
2025-07-07_03:55:11,0.022
2025-07-07_03:56:06,0.021
2025-07-07_03:57:02,0.021
2025-07-07_03:57:57,0.021
2025-07-07_03:58:52,0.021
2025-07-07_03:59:48,0.022
2025-07-07_04:00:43,0.022
2025-07-07_04:01:39,0.022
2025-07-07_04:03:30,0.022
2025-07-07_04:04:25,0.022
2025-07-07_04:05:20,0.022
2025-07-07_04:06:16,0.021
2025-07-07_04:07:11,0.021
2025-07-07_04:08:07,0.021
2025-07-07_04:09:02,0.021
2025-07-07_04:09:57,0.021
2025-07-07_04:10:53,0.020
2025-07-07_04:11:48,0.021
2025-07-07_04:12:43,0.020
2025-07-07_04:13:39,-999
2025-07-07_04:15:30,0.022
2025-07-07_04:16:25,0.022
2025-07-07_04:17:20,0.022
2025-07-07_04:18:16,0.022
2025-07-07_04:19:11,0.021
2025-07-07_04:20:06,0.022
2025-07-07_04:21:02,0.021
2025-07-07_04:21:57,0.021
2025-07-07_04:22:52,0.022
2025-07-07_04:23:48,0.022
2025-07-07_04:24:43,0.022
2025-07-07_04:25:38,0.022
2025-07-07_04:27:29,0.022
2025-07-07_04:28:25,0.022
2025-07-07_04:29:20,0.022
2025-07-07_04:30:15,0.022
2025-07-07_04:31:11,0.022
2025-07-07_04:32:06,0.022
2025-07-07_04:33:01,0.021
2025-07-07_04:33:57,0.022
2025-07-07_04:34:52,0.023
2025-07-07_04:35:47,0.023
2025-07-07_04:36:43,0.023
2025-07-07_04:37:38,0.023
2025-07-07_04:39:29,-999
2025-07-07_04:40:24,0.022
2025-07-07_04:41:20,0.021
2025-07-07_04:42:15,0.021
2025-07-07_04:43:10,-999
2025-07-07_04:44:06,-999
2025-07-07_04:45:01,0.022
2025-07-07_04:45:56,0.021
2025-07-07_04:46:52,0.020
2025-07-07_04:47:47,0.021
2025-07-07_04:48:43,0.022
2025-07-07_04:49:38,0.019
2025-07-07_04:51:29,0.019
2025-07-07_04:52:24,0.020
2025-07-07_04:53:19,0.021
2025-07-07_04:54:15,0.021
2025-07-07_04:55:10,0.019
2025-07-07_04:56:05,0.019
2025-07-07_04:57:01,0.021
2025-07-07_04:57:56,0.020
2025-07-07_04:58:52,0.021
2025-07-07_04:59:47,0.021
2025-07-07_05:00:42,0.021
2025-07-07_05:01:38,0.021
2025-07-07_05:03:29,0.018
2025-07-07_05:04:24,0.018
2025-07-07_05:05:19,0.019
2025-07-07_05:06:15,0.018
2025-07-07_05:07:10,0.016
2025-07-07_05:08:05,0.016
2025-07-07_05:09:01,0.020
2025-07-07_05:09:56,0.021
2025-07-07_05:10:51,0.021
2025-07-07_05:11:47,0.020
2025-07-07_05:12:42,0.021
2025-07-07_05:14:33,0.021
2025-07-07_05:15:28,0.021
2025-07-07_05:16:24,0.020
2025-07-07_05:17:19,0.021
2025-07-07_05:18:15,0.020
2025-07-07_05:19:10,0.021
2025-07-07_05:20:05,0.022
2025-07-07_05:21:01,0.023
2025-07-07_05:21:56,0.023
2025-07-07_05:22:51,0.023
2025-07-07_05:23:47,0.023
2025-07-07_05:24:42,0.023
2025-07-07_05:25:38,0.023
2025-07-07_05:27:28,0.022
2025-07-07_05:28:24,0.022
2025-07-07_05:29:19,0.023
2025-07-07_05:30:14,0.023
2025-07-07_05:31:10,0.023
2025-07-07_05:32:05,0.024
2025-07-07_05:33:01,0.024
2025-07-07_05:33:56,0.024
2025-07-07_05:34:51,0.023
2025-07-07_05:35:47,0.023
2025-07-07_05:36:42,0.024
2025-07-07_05:37:38,0.024
2025-07-07_05:39:28,0.024
2025-07-07_05:40:24,0.024
2025-07-07_05:41:19,0.024
2025-07-07_05:42:14,0.023
2025-07-07_05:43:10,0.024
2025-07-07_05:44:05,0.023
2025-07-07_05:45:01,0.023
2025-07-07_05:45:56,0.023
2025-07-07_05:46:52,0.024
2025-07-07_05:47:47,0.023
2025-07-07_05:48:42,0.023
2025-07-07_05:49:38,0.023
2025-07-07_05:51:28,0.023
2025-07-07_05:52:24,0.023
2025-07-07_05:53:19,0.023
2025-07-07_05:54:15,0.024
2025-07-07_05:55:10,0.024
2025-07-07_05:56:05,0.024
2025-07-07_05:57:01,0.024
2025-07-07_05:57:56,0.024
2025-07-07_05:58:52,0.024
2025-07-07_05:59:47,0.024
2025-07-07_06:00:42,0.024
2025-07-07_06:01:38,0.023
2025-07-07_06:03:28,0.024
2025-07-07_06:04:24,0.025
2025-07-07_06:05:19,0.024
2025-07-07_06:06:14,0.025
2025-07-07_06:07:10,0.024
2025-07-07_06:08:05,0.024
2025-07-07_06:09:01,0.024
2025-07-07_06:09:56,0.022
2025-07-07_06:10:51,0.024
2025-07-07_06:11:47,0.024
2025-07-07_06:12:42,0.024
2025-07-07_06:14:33,0.023
2025-07-07_06:15:28,0.023
2025-07-07_06:16:24,0.023
2025-07-07_06:17:19,0.024
2025-07-07_06:18:14,0.023
2025-07-07_06:19:10,0.023
2025-07-07_06:20:05,0.024
2025-07-07_06:21:00,0.024
2025-07-07_06:21:56,0.022
2025-07-07_06:22:51,0.022
2025-07-07_06:23:47,0.022
2025-07-07_06:24:42,0.023
2025-07-07_06:25:37,0.024
2025-07-07_06:27:28,0.024
2025-07-07_06:28:23,0.024
2025-07-07_06:29:19,0.025
2025-07-07_06:30:14,0.024
2025-07-07_06:31:09,0.024
2025-07-07_06:32:05,0.024
2025-07-07_06:33:00,0.024
2025-07-07_06:33:55,0.025
2025-07-07_06:34:51,0.024
2025-07-07_06:35:46,0.025
2025-07-07_06:36:42,0.025
2025-07-07_06:37:37,0.024
2025-07-07_06:39:28,0.024
2025-07-07_06:40:23,0.024
2025-07-07_06:41:18,0.024
2025-07-07_06:42:14,0.023
2025-07-07_06:43:09,0.024
2025-07-07_06:44:04,0.023
2025-07-07_06:45:00,0.023
2025-07-07_06:45:55,-999
2025-07-07_06:46:51,0.024
2025-07-07_06:47:46,0.024
2025-07-07_06:48:41,0.024
2025-07-07_06:49:37,0.024
2025-07-07_06:51:27,0.024
2025-07-07_06:52:23,0.024
2025-07-07_06:53:18,0.024
2025-07-07_06:54:13,0.024
2025-07-07_06:55:09,0.024
2025-07-07_06:56:04,0.024
2025-07-07_06:56:59,0.024
2025-07-07_06:57:55,0.024
2025-07-07_06:58:50,0.024
2025-07-07_06:59:46,0.024
2025-07-07_07:00:41,0.024
2025-07-07_07:01:36,0.024
2025-07-07_07:03:27,0.023
2025-07-07_07:04:22,0.023
2025-07-07_07:05:18,0.024
2025-07-07_07:06:13,0.023
2025-07-07_07:07:08,0.023
2025-07-07_07:08:04,0.022
2025-07-07_07:08:59,0.022
2025-07-07_07:09:55,0.023
2025-07-07_07:10:50,0.022
2025-07-07_07:11:45,0.021
2025-07-07_07:12:41,0.022
2025-07-07_07:14:31,0.022
2025-07-07_07:15:27,0.022
2025-07-07_07:16:22,0.022
2025-07-07_07:17:18,0.022
2025-07-07_07:18:13,0.022
2025-07-07_07:19:08,0.023
2025-07-07_07:20:04,0.022
2025-07-07_07:20:59,0.022
2025-07-07_07:21:54,0.022
2025-07-07_07:22:50,0.022
2025-07-07_07:23:45,0.020
2025-07-07_07:24:40,0.019
2025-07-07_07:25:36,0.020
2025-07-07_07:27:27,0.021
2025-07-07_07:28:22,0.022
2025-07-07_07:29:17,0.022
2025-07-07_07:30:13,0.022
2025-07-07_07:31:08,0.023
2025-07-07_07:32:03,0.023
2025-07-07_07:32:59,0.022
2025-07-07_07:33:54,0.022
2025-07-07_07:34:49,0.022
2025-07-07_07:35:45,0.022
2025-07-07_07:36:40,0.019
2025-07-07_07:38:31,0.019
2025-07-07_07:39:26,0.020
2025-07-07_07:40:22,0.021
2025-07-07_07:41:17,0.022
2025-07-07_07:42:12,0.022
2025-07-07_07:43:08,0.022
2025-07-07_07:44:03,0.022
2025-07-07_07:44:58,0.023
2025-07-07_07:45:54,0.022
2025-07-07_07:46:49,0.022
2025-07-07_07:47:45,0.022
2025-07-07_07:48:40,0.022
2025-07-07_07:49:35,0.022
2025-07-07_07:51:26,0.022
2025-07-07_07:52:21,0.021
2025-07-07_07:53:17,0.022
2025-07-07_07:54:12,0.021
2025-07-07_07:55:08,0.021
2025-07-07_07:56:03,0.022
2025-07-07_07:56:58,0.022
2025-07-07_07:57:54,0.022
2025-07-07_07:58:49,0.022
2025-07-07_07:59:44,0.021
2025-07-07_08:00:40,0.021
2025-07-07_08:02:30,0.022
2025-07-07_08:03:26,0.022
2025-07-07_08:04:21,0.021
2025-07-07_08:05:17,0.022
2025-07-07_08:06:12,0.021
2025-07-07_08:07:07,0.022
2025-07-07_08:08:03,0.022
2025-07-07_08:08:58,0.022
2025-07-07_08:09:53,0.022
2025-07-07_08:10:49,0.022
2025-07-07_08:11:44,0.021
2025-07-07_08:12:40,0.021
2025-07-07_08:14:30,0.022
2025-07-07_08:15:26,0.022
2025-07-07_08:16:21,0.021
2025-07-07_08:17:16,0.022
2025-07-07_08:18:12,0.022
2025-07-07_08:19:07,0.022
2025-07-07_08:20:03,0.022
2025-07-07_08:20:58,0.022
2025-07-07_08:21:53,0.023
2025-07-07_08:22:49,0.024
2025-07-07_08:23:44,0.023
2025-07-07_08:24:39,0.023
2025-07-07_08:26:30,0.023
2025-07-07_08:27:25,0.023
2025-07-07_08:28:21,0.023
2025-07-07_08:29:16,0.023
2025-07-07_08:30:12,0.022
2025-07-07_08:31:07,0.023
2025-07-07_08:32:02,-999
2025-07-07_08:32:58,-999
2025-07-07_08:33:53,0.023
2025-07-07_08:34:49,0.023
2025-07-07_08:35:44,0.022
2025-07-07_08:36:39,0.022
2025-07-07_08:38:30,0.022
2025-07-07_08:39:25,0.023
2025-07-07_08:40:21,0.023
2025-07-07_08:41:16,0.023
2025-07-07_08:42:12,0.023
2025-07-07_08:43:07,0.023
2025-07-07_08:44:03,0.023
2025-07-07_08:44:58,0.023
2025-07-07_08:45:53,0.023
2025-07-07_08:46:49,0.023
2025-07-07_08:47:44,0.023
2025-07-07_08:48:39,0.023
2025-07-07_08:50:30,0.022
2025-07-07_08:51:25,0.023
2025-07-07_08:52:21,0.023
2025-07-07_08:53:16,0.023
2025-07-07_08:54:11,0.022
2025-07-07_08:55:07,0.023
2025-07-07_08:56:02,0.023
2025-07-07_08:56:57,0.022
2025-07-07_08:57:53,0.022
2025-07-07_08:58:48,0.022
2025-07-07_08:59:44,0.022
2025-07-07_09:00:39,0.022
2025-07-07_09:02:30,0.022
2025-07-07_09:03:25,0.022
2025-07-07_09:04:21,0.021
2025-07-07_09:05:16,0.021
2025-07-07_09:06:11,0.021
2025-07-07_09:07:07,0.020
2025-07-07_09:08:02,0.020
2025-07-07_09:08:57,0.020
2025-07-07_09:09:53,0.019
2025-07-07_09:10:48,0.019
2025-07-07_09:11:44,0.020
2025-07-07_09:12:39,0.019
2025-07-07_09:14:30,0.018
2025-07-07_09:15:25,0.018
2025-07-07_09:16:20,0.018
2025-07-07_09:17:16,0.019
2025-07-07_09:18:11,0.019
2025-07-07_09:19:06,0.019
2025-07-07_09:20:02,0.019
2025-07-07_09:20:57,0.019
2025-07-07_09:21:53,0.020
2025-07-07_09:22:48,0.020
2025-07-07_09:23:43,0.019
2025-07-07_09:24:39,0.019
2025-07-07_09:26:29,0.019
2025-07-07_09:27:25,0.019
2025-07-07_09:28:20,0.018
2025-07-07_09:29:15,0.019
2025-07-07_09:30:11,0.019
2025-07-07_09:31:06,0.020
2025-07-07_09:32:02,0.019
2025-07-07_09:32:57,0.018
2025-07-07_09:33:52,0.018
2025-07-07_09:34:48,0.019
2025-07-07_09:35:43,0.019
2025-07-07_09:36:38,0.018
2025-07-07_09:38:29,0.018
2025-07-07_09:39:24,0.018
2025-07-07_09:40:20,0.018
2025-07-07_09:41:15,0.018
2025-07-07_09:42:11,0.018
2025-07-07_09:43:06,0.018
2025-07-07_09:44:01,0.018
2025-07-07_09:44:57,0.019
2025-07-07_09:45:52,0.019
2025-07-07_09:46:47,0.020
2025-07-07_09:47:43,0.020
2025-07-07_09:48:38,0.020
2025-07-07_09:50:29,0.019
2025-07-07_09:51:24,0.020
2025-07-07_09:52:20,0.020
2025-07-07_09:53:15,0.020
2025-07-07_09:54:10,0.020
2025-07-07_09:55:06,0.020
2025-07-07_09:56:01,0.019
2025-07-07_09:56:56,0.019
2025-07-07_09:57:52,0.020
2025-07-07_09:58:47,0.020
2025-07-07_09:59:43,0.019
2025-07-07_10:00:38,0.019
2025-07-07_10:02:29,0.019
2025-07-07_10:03:24,0.018
2025-07-07_10:04:19,0.018
2025-07-07_10:05:15,0.017
2025-07-07_10:06:10,0.017
2025-07-07_10:07:06,0.016
2025-07-07_10:08:01,0.017
2025-07-07_10:08:57,0.017
2025-07-07_10:09:52,0.017
2025-07-07_10:10:47,0.018
2025-07-07_10:11:43,0.018
2025-07-07_10:12:38,0.017
2025-07-07_10:14:29,0.017
2025-07-07_10:15:24,0.017
2025-07-07_10:16:20,0.018
2025-07-07_10:17:15,0.018
2025-07-07_10:18:10,0.018
2025-07-07_10:19:06,0.018
2025-07-07_10:20:01,0.017
2025-07-07_10:20:57,0.018
2025-07-07_10:21:52,0.019
2025-07-07_10:22:47,0.018
2025-07-07_10:23:43,0.018
2025-07-07_10:24:38,0.018
2025-07-07_10:26:29,0.019
2025-07-07_10:27:24,0.019
2025-07-07_10:28:19,0.018
2025-07-07_10:29:15,0.019
2025-07-07_10:30:10,0.019
2025-07-07_10:31:05,0.019
2025-07-07_10:32:01,0.019
2025-07-07_10:32:56,0.020
2025-07-07_10:33:52,0.020
2025-07-07_10:34:47,0.020
2025-07-07_10:35:42,0.021
2025-07-07_10:36:38,0.021
2025-07-07_10:38:28,0.021
2025-07-07_10:39:24,0.021
2025-07-07_10:40:19,0.021
2025-07-07_10:41:14,0.021
2025-07-07_10:42:10,0.021
2025-07-07_10:43:05,0.022
2025-07-07_10:44:00,0.022
2025-07-07_10:44:56,0.022
2025-07-07_10:45:51,0.020
2025-07-07_10:46:47,0.021
2025-07-07_10:47:42,0.021
2025-07-07_10:48:37,0.021
2025-07-07_10:50:28,0.021
2025-07-07_10:51:23,0.021
2025-07-07_10:52:19,0.022
2025-07-07_10:53:14,0.021
2025-07-07_10:54:09,0.022
2025-07-07_10:55:05,0.021
2025-07-07_10:56:00,0.021
2025-07-07_10:56:56,0.022
2025-07-07_10:57:51,0.022
2025-07-07_10:58:46,0.021
2025-07-07_10:59:42,0.021
2025-07-07_11:00:37,0.021
2025-07-07_11:02:28,0.021
2025-07-07_11:03:23,0.021
2025-07-07_11:04:18,0.021
2025-07-07_11:05:14,0.021
2025-07-07_11:06:09,0.021
2025-07-07_11:07:05,0.021
2025-07-07_11:08:00,0.021
2025-07-07_11:08:55,0.021
2025-07-07_11:09:51,0.021
2025-07-07_11:10:46,0.021
2025-07-07_11:11:42,0.022
2025-07-07_11:12:37,0.022
2025-07-07_11:14:28,0.022
2025-07-07_11:15:23,0.021
2025-07-07_11:16:18,0.021
2025-07-07_11:17:14,0.021
2025-07-07_11:18:09,0.021
2025-07-07_11:19:05,0.021
2025-07-07_11:20:00,0.021
2025-07-07_11:20:55,0.020
2025-07-07_11:21:51,0.021
2025-07-07_11:22:46,0.020
2025-07-07_11:23:42,0.021
2025-07-07_11:24:37,0.020
2025-07-07_11:26:28,0.021
2025-07-07_11:27:23,0.021
2025-07-07_11:28:19,0.021
2025-07-07_11:29:14,0.020
2025-07-07_11:30:09,0.020
2025-07-07_11:31:05,0.021
2025-07-07_11:32:00,0.020
2025-07-07_11:32:56,0.019
2025-07-07_11:33:51,0.020
2025-07-07_11:34:46,0.020
2025-07-07_11:35:42,0.020
2025-07-07_11:36:37,0.019
2025-07-07_11:38:28,0.019
2025-07-07_11:39:23,0.019
2025-07-07_11:40:19,0.019
2025-07-07_11:41:14,0.020
2025-07-07_11:42:09,0.019
2025-07-07_11:43:05,0.019
2025-07-07_11:44:00,0.020
2025-07-07_11:44:55,0.019
2025-07-07_11:45:51,0.019
2025-07-07_11:46:46,0.018
2025-07-07_11:47:41,0.018
2025-07-07_11:48:37,0.018
2025-07-07_11:50:27,0.018
2025-07-07_11:51:23,0.018
2025-07-07_11:52:18,0.018
2025-07-07_11:53:14,0.017
2025-07-07_11:54:09,0.017
2025-07-07_11:55:04,0.017
2025-07-07_11:56:00,0.017
2025-07-07_11:56:55,0.017
2025-07-07_11:57:50,0.017
2025-07-07_11:58:46,0.017
2025-07-07_11:59:41,0.017
2025-07-07_12:00:36,0.017
2025-07-07_12:02:27,0.018
2025-07-07_12:03:22,0.017
2025-07-07_12:04:18,0.017
2025-07-07_12:05:13,0.017
2025-07-07_12:06:09,0.017
2025-07-07_12:07:04,0.016
2025-07-07_12:07:59,0.017
2025-07-07_12:08:55,0.017
2025-07-07_12:09:50,0.017
2025-07-07_12:10:46,0.017
2025-07-07_12:11:41,0.017
2025-07-07_12:12:36,0.017
2025-07-07_12:14:27,0.017
2025-07-07_12:15:22,0.017
2025-07-07_12:16:18,0.016
2025-07-07_12:17:13,0.016
2025-07-07_12:18:08,0.016
2025-07-07_12:19:04,0.016
2025-07-07_12:19:59,0.017
2025-07-07_12:20:54,0.017
2025-07-07_12:21:50,0.017
2025-07-07_12:22:45,0.017
2025-07-07_12:23:41,0.017
2025-07-07_12:24:36,0.016
2025-07-07_12:26:27,0.016
2025-07-07_12:27:22,0.017
2025-07-07_12:28:17,0.016
2025-07-07_12:29:13,0.016
2025-07-07_12:30:08,0.017
2025-07-07_12:31:03,0.016
2025-07-07_12:31:59,0.017
2025-07-07_12:32:54,0.016
2025-07-07_12:33:50,0.016
2025-07-07_12:34:45,0.017
2025-07-07_12:35:40,0.017
2025-07-07_12:36:36,0.016
2025-07-07_12:38:27,0.015
2025-07-07_12:39:22,0.015
2025-07-07_12:40:17,0.015
2025-07-07_12:41:13,0.015
2025-07-07_12:42:08,0.014
2025-07-07_12:43:03,0.015
2025-07-07_12:43:59,0.015
2025-07-07_12:44:54,0.014
2025-07-07_12:45:49,0.014
2025-07-07_12:46:45,0.013
2025-07-07_12:47:40,0.014
2025-07-07_12:48:35,0.014
2025-07-07_12:50:26,0.014
2025-07-07_12:51:22,0.015
2025-07-07_12:52:17,-999
2025-07-07_12:53:12,0.015
2025-07-07_12:54:08,0.015
2025-07-07_12:55:03,0.015
2025-07-07_12:55:58,0.016
2025-07-07_12:56:54,0.016
2025-07-07_12:57:49,0.015
2025-07-07_12:58:44,0.015
2025-07-07_12:59:40,0.015
2025-07-07_13:01:30,0.015
2025-07-07_13:02:26,0.016
2025-07-07_13:03:21,0.016
2025-07-07_13:04:17,0.017
2025-07-07_13:05:12,0.016
2025-07-07_13:06:08,0.017
2025-07-07_13:07:03,0.017
2025-07-07_13:07:58,0.016
2025-07-07_13:08:54,0.018
2025-07-07_13:09:49,0.018
2025-07-07_13:10:44,0.018
2025-07-07_13:11:40,0.019
2025-07-07_13:12:35,0.018
2025-07-07_13:14:26,0.017
2025-07-07_13:15:21,0.018
2025-07-07_13:16:17,0.018
2025-07-07_13:17:12,0.017
2025-07-07_13:18:07,0.017
2025-07-07_13:19:03,0.018
2025-07-07_13:19:58,0.019
2025-07-07_13:20:53,0.019
2025-07-07_13:21:49,0.019
2025-07-07_13:22:44,0.018
2025-07-07_13:23:39,0.019
2025-07-07_13:25:30,0.019
2025-07-07_13:26:26,0.019
2025-07-07_13:27:21,0.019
2025-07-07_13:28:16,0.019
2025-07-07_13:29:12,0.018
2025-07-07_13:30:07,0.018
2025-07-07_13:31:02,0.019
2025-07-07_13:31:58,0.020
2025-07-07_13:32:53,0.019
2025-07-07_13:33:48,0.019
2025-07-07_13:34:44,0.019
2025-07-07_13:35:39,0.019
2025-07-07_13:37:30,0.019
2025-07-07_13:38:25,0.020
2025-07-07_13:39:21,0.019
2025-07-07_13:40:16,0.019
2025-07-07_13:41:11,0.020
2025-07-07_13:42:07,0.018
2025-07-07_13:43:02,0.020
2025-07-07_13:43:57,0.019
2025-07-07_13:44:53,0.019
2025-07-07_13:45:48,0.019
2025-07-07_13:46:43,0.018
2025-07-07_13:47:39,0.018
2025-07-07_13:49:30,0.019
2025-07-07_13:50:25,0.020
2025-07-07_13:51:20,0.020
2025-07-07_13:52:16,0.020
2025-07-07_13:53:11,0.020
2025-07-07_13:54:06,0.020
2025-07-07_13:55:02,0.021
2025-07-07_13:55:57,0.022
2025-07-07_13:56:52,0.021
2025-07-07_13:57:48,0.021
2025-07-07_13:58:43,0.022
2025-07-07_13:59:38,0.022
2025-07-07_14:01:29,0.022
2025-07-07_14:02:24,0.022
2025-07-07_14:03:20,0.021
2025-07-07_14:04:15,0.022
2025-07-07_14:05:11,0.022
2025-07-07_14:06:06,0.022
2025-07-07_14:07:01,0.022
2025-07-07_14:07:57,0.022
2025-07-07_14:08:52,0.022
2025-07-07_14:09:47,0.022
2025-07-07_14:10:43,0.022
2025-07-07_14:11:38,0.022
2025-07-07_14:13:29,0.021
2025-07-07_14:14:24,0.022
2025-07-07_14:15:19,0.022
2025-07-07_14:16:15,0.022
2025-07-07_14:17:10,0.023
2025-07-07_14:18:05,0.023
2025-07-07_14:19:01,0.023
2025-07-07_14:19:56,0.024
2025-07-07_14:20:52,0.021
2025-07-07_14:21:47,0.022
2025-07-07_14:22:42,0.022
2025-07-07_14:23:38,0.023
2025-07-07_14:25:28,0.023
2025-07-07_14:26:24,0.022
2025-07-07_14:27:19,0.023
2025-07-07_14:28:15,0.022
2025-07-07_14:29:10,0.021
2025-07-07_14:30:05,0.021
2025-07-07_14:31:01,0.020
2025-07-07_14:31:56,0.020
2025-07-07_14:32:52,0.021
2025-07-07_14:33:47,0.021
2025-07-07_14:34:42,0.021
2025-07-07_14:35:38,0.022
2025-07-07_14:37:28,0.021
2025-07-07_14:38:24,0.021
2025-07-07_14:39:19,0.022
2025-07-07_14:40:14,0.023
2025-07-07_14:41:10,0.022
2025-07-07_14:42:05,0.023
2025-07-07_14:43:01,0.022
2025-07-07_14:43:56,0.023
2025-07-07_14:44:52,0.023
2025-07-07_14:45:47,0.023
2025-07-07_14:46:42,0.022
2025-07-07_14:47:38,0.022
2025-07-07_14:49:28,0.023
2025-07-07_14:50:24,0.022
2025-07-07_14:51:19,0.023
2025-07-07_14:52:15,0.023
2025-07-07_14:53:10,0.023
2025-07-07_14:54:05,0.023
2025-07-07_14:55:01,0.023
2025-07-07_14:55:56,0.023
2025-07-07_14:56:52,0.024
2025-07-07_14:57:47,0.024
2025-07-07_14:58:42,0.023
2025-07-07_14:59:38,0.024
2025-07-07_15:01:28,0.024
2025-07-07_15:02:24,0.023
2025-07-07_15:03:19,0.023
2025-07-07_15:04:14,0.024
2025-07-07_15:05:10,0.024
2025-07-07_15:06:05,0.025
2025-07-07_15:07:00,0.024
2025-07-07_15:07:56,0.024
2025-07-07_15:08:51,0.023
2025-07-07_15:09:47,0.024
2025-07-07_15:10:42,0.024
2025-07-07_15:11:37,0.023
2025-07-07_15:13:28,0.023
2025-07-07_15:14:23,0.024
2025-07-07_15:15:19,0.023
2025-07-07_15:16:14,0.023
2025-07-07_15:17:09,0.025
2025-07-07_15:18:05,0.024
2025-07-07_15:19:00,0.024
2025-07-07_15:19:56,0.024
2025-07-07_15:20:51,0.024
2025-07-07_15:21:46,0.023
2025-07-07_15:22:42,0.024
2025-07-07_15:23:37,0.025
2025-07-07_15:25:28,0.023
2025-07-07_15:26:23,0.023
2025-07-07_15:27:18,0.023
2025-07-07_15:28:14,-999
2025-07-07_15:29:09,0.023
2025-07-07_15:30:04,0.024
2025-07-07_15:31:00,0.024
2025-07-07_15:31:55,0.023
2025-07-07_15:32:50,0.024
2025-07-07_15:33:46,0.025
2025-07-07_15:34:41,0.024
2025-07-07_15:35:37,0.024
2025-07-07_15:37:27,0.023
2025-07-07_15:38:23,0.024
2025-07-07_15:39:18,0.023
2025-07-07_15:40:13,0.022
2025-07-07_15:41:09,0.022
2025-07-07_15:42:04,0.023
2025-07-07_15:42:59,0.023
2025-07-07_15:43:55,0.021
2025-07-07_15:44:50,0.021
2025-07-07_15:45:46,0.022
2025-07-07_15:46:41,0.022
2025-07-07_15:47:36,0.021
2025-07-07_15:49:27,-999
2025-07-07_15:50:22,0.019
2025-07-07_15:51:18,0.020
2025-07-07_15:52:13,0.020
2025-07-07_15:53:08,0.019
2025-07-07_15:54:04,0.019
2025-07-07_15:54:59,0.018
2025-07-07_15:55:54,0.020
2025-07-07_15:56:50,0.018
2025-07-07_15:57:45,0.017
2025-07-07_15:58:40,0.018
2025-07-07_15:59:36,0.018
2025-07-07_16:01:27,0.017
2025-07-07_16:02:22,0.018
2025-07-07_16:03:17,0.018
2025-07-07_16:04:13,0.015
2025-07-07_16:05:08,0.016
2025-07-07_16:06:03,0.015
2025-07-07_16:06:59,0.016
2025-07-07_16:07:54,0.015
2025-07-07_16:08:49,0.015
2025-07-07_16:09:45,0.017
2025-07-07_16:10:40,0.016
2025-07-07_16:12:31,0.016
2025-07-07_16:13:26,0.016
2025-07-07_16:14:22,0.016
2025-07-07_16:15:17,0.015
2025-07-07_16:16:12,0.015
2025-07-07_16:17:08,0.015
2025-07-07_16:18:03,0.017
2025-07-07_16:18:58,0.013
2025-07-07_16:19:54,0.016
2025-07-07_16:20:49,0.015
2025-07-07_16:21:44,0.014
2025-07-07_16:22:40,0.015
2025-07-07_16:24:30,0.014
2025-07-07_16:25:26,0.012
2025-07-07_16:26:21,0.013
2025-07-07_16:27:16,0.013
2025-07-07_16:28:12,0.012
2025-07-07_16:29:07,0.013
2025-07-07_16:30:02,0.014
2025-07-07_16:30:58,0.013
2025-07-07_16:31:53,0.013
2025-07-07_16:32:49,0.013
2025-07-07_16:33:44,0.013
2025-07-07_16:34:39,0.012
2025-07-07_16:36:30,0.012
2025-07-07_16:37:25,0.012
2025-07-07_16:38:21,0.013
2025-07-07_16:39:16,0.014
2025-07-07_16:40:11,0.014
2025-07-07_16:41:07,0.013
2025-07-07_16:42:02,0.013
2025-07-07_16:42:58,0.015
2025-07-07_16:43:53,0.012
2025-07-07_16:44:48,0.012
2025-07-07_16:45:44,0.012
2025-07-07_16:46:39,0.012
2025-07-07_16:48:30,0.013
2025-07-07_16:49:25,0.013
2025-07-07_16:50:21,0.013
2025-07-07_16:51:16,0.013
2025-07-07_16:52:11,0.013
2025-07-07_16:53:07,0.013
2025-07-07_16:54:02,0.013
2025-07-07_16:54:57,0.013
2025-07-07_16:55:53,0.013
2025-07-07_16:56:48,0.013
2025-07-07_16:57:43,0.014
2025-07-07_16:58:39,0.014
2025-07-07_17:00:30,0.014
2025-07-07_17:01:25,0.014
2025-07-07_17:02:20,0.014
2025-07-07_17:03:16,0.015
2025-07-07_17:04:11,0.018
2025-07-07_17:05:06,0.018
2025-07-07_17:06:02,0.021
2025-07-07_17:06:57,0.020
2025-07-07_17:07:52,0.017
2025-07-07_17:08:48,0.019
2025-07-07_17:09:43,0.019
2025-07-07_17:10:39,0.018
2025-07-07_17:12:30,0.017
2025-07-07_17:13:25,0.017
2025-07-07_17:14:20,0.018
2025-07-07_17:15:16,0.017
2025-07-07_17:16:11,0.018
2025-07-07_17:17:06,0.016
2025-07-07_17:18:02,0.016
2025-07-07_17:18:57,0.017
2025-07-07_17:19:52,0.016
2025-07-07_17:20:48,0.014
2025-07-07_17:21:43,0.017
2025-07-07_17:22:38,0.015
2025-07-07_17:24:29,0.015
2025-07-07_17:25:24,0.015
2025-07-07_17:26:20,0.015
2025-07-07_17:27:15,0.013
2025-07-07_17:28:10,0.012
2025-07-07_17:29:06,0.012
2025-07-07_17:30:01,0.014
2025-07-07_17:30:57,0.015
2025-07-07_17:31:52,0.014
2025-07-07_17:32:47,0.014
2025-07-07_17:33:43,0.015
2025-07-07_17:34:38,0.014
2025-07-07_17:36:29,0.014
2025-07-07_17:37:24,0.014
2025-07-07_17:38:19,0.013
2025-07-07_17:39:15,0.015
2025-07-07_17:40:10,0.016
2025-07-07_17:41:05,0.016
2025-07-07_17:42:01,0.013
2025-07-07_17:42:56,0.014
2025-07-07_17:43:52,0.014
2025-07-07_17:44:47,0.013
2025-07-07_17:45:42,0.014
2025-07-07_17:46:38,0.013
2025-07-07_17:48:28,0.014
2025-07-07_17:49:24,0.015
2025-07-07_17:50:19,0.014
2025-07-07_17:51:14,0.013
2025-07-07_17:52:10,0.012
2025-07-07_17:53:05,0.012
2025-07-07_17:54:01,0.013
2025-07-07_17:54:56,0.013
2025-07-07_17:55:51,0.013
2025-07-07_17:56:47,0.011
2025-07-07_17:57:42,0.012
2025-07-07_17:58:37,0.012
2025-07-07_18:00:28,0.011
2025-07-07_18:01:23,0.012
2025-07-07_18:02:19,0.013
2025-07-07_18:03:14,0.013
2025-07-07_18:04:09,0.014
2025-07-07_18:05:05,0.015
2025-07-07_18:06:00,0.014
2025-07-07_18:06:56,0.010
2025-07-07_18:07:51,0.013
2025-07-07_18:08:46,0.013
2025-07-07_18:09:42,0.012
2025-07-07_18:10:37,0.012
2025-07-07_18:12:28,0.013
2025-07-07_18:13:23,0.014
2025-07-07_18:14:18,0.015
2025-07-07_18:15:14,0.011
2025-07-07_18:16:09,0.013
2025-07-07_18:17:05,0.014
2025-07-07_18:18:00,0.014
2025-07-07_18:18:55,0.014
2025-07-07_18:19:51,0.011
2025-07-07_18:20:46,0.013
2025-07-07_18:21:41,0.012
2025-07-07_18:22:37,0.013
2025-07-07_18:24:27,0.013
2025-07-07_18:25:23,0.013
2025-07-07_18:26:18,0.013
2025-07-07_18:27:13,0.014
2025-07-07_18:28:09,0.015
2025-07-07_18:29:04,0.014
2025-07-07_18:29:59,0.014
2025-07-07_18:30:55,0.015
2025-07-07_18:31:50,0.014
2025-07-07_18:32:46,0.013
2025-07-07_18:33:41,0.013
2025-07-07_18:34:36,0.014
2025-07-07_18:36:27,0.014
2025-07-07_18:37:22,0.013
2025-07-07_18:38:18,0.015
2025-07-07_18:39:13,0.014
2025-07-07_18:40:08,0.015
2025-07-07_18:41:04,0.015
2025-07-07_18:41:59,0.015
2025-07-07_18:42:54,0.014
2025-07-07_18:43:50,0.015
2025-07-07_18:44:45,0.015
2025-07-07_18:45:40,0.013
2025-07-07_18:46:36,0.013
2025-07-07_18:48:26,0.013
2025-07-07_18:49:22,0.013
2025-07-07_18:50:17,0.013
2025-07-07_18:51:13,0.015
2025-07-07_18:52:08,0.014
2025-07-07_18:53:03,0.014
2025-07-07_18:53:59,0.014
2025-07-07_18:54:54,0.015
2025-07-07_18:55:49,0.013
2025-07-07_18:56:45,0.013
2025-07-07_18:57:40,0.013
2025-07-07_18:59:31,0.015
2025-07-07_19:00:26,0.015
2025-07-07_19:01:22,0.015
2025-07-07_19:02:17,0.013
2025-07-07_19:03:12,0.012
2025-07-07_19:04:08,0.012
2025-07-07_19:05:03,0.014
2025-07-07_19:05:58,0.016
2025-07-07_19:06:54,0.013
2025-07-07_19:07:49,0.012
2025-07-07_19:08:44,0.012
2025-07-07_19:09:40,0.012
2025-07-07_19:10:35,0.014
2025-07-07_19:12:26,0.015
2025-07-07_19:13:21,0.013
2025-07-07_19:14:17,0.014
2025-07-07_19:15:12,0.015
2025-07-07_19:16:07,0.017
2025-07-07_19:17:03,0.017
2025-07-07_19:17:58,0.016
2025-07-07_19:18:54,0.016
2025-07-07_19:19:49,0.014
2025-07-07_19:20:44,0.017
2025-07-07_19:21:40,0.015
2025-07-07_19:23:30,0.016
2025-07-07_19:24:26,0.017
2025-07-07_19:25:21,0.017
2025-07-07_19:26:16,0.017
2025-07-07_19:27:12,0.017
2025-07-07_19:28:07,0.016
2025-07-07_19:29:02,0.015
2025-07-07_19:29:58,0.014
2025-07-07_19:30:53,0.015
2025-07-07_19:31:48,0.016
2025-07-07_19:32:44,0.015
2025-07-07_19:33:39,0.015
2025-07-07_19:35:30,0.014
2025-07-07_19:36:25,0.014
2025-07-07_19:37:21,0.016
2025-07-07_19:38:16,0.015
2025-07-07_19:39:11,0.015
2025-07-07_19:40:07,0.014
2025-07-07_19:41:02,0.015
2025-07-07_19:41:57,0.015
2025-07-07_19:42:53,0.014
2025-07-07_19:43:48,0.016
2025-07-07_19:44:43,0.016
2025-07-07_19:45:39,0.017
2025-07-07_19:47:29,0.017
2025-07-07_19:48:25,0.018
2025-07-07_19:49:20,0.017
2025-07-07_19:50:15,0.017
2025-07-07_19:51:11,0.017
2025-07-07_19:52:06,0.017
2025-07-07_19:53:02,0.017
2025-07-07_19:53:57,0.015
2025-07-07_19:54:52,0.017
2025-07-07_19:55:48,0.017
2025-07-07_19:56:43,0.019
2025-07-07_19:57:38,0.020
2025-07-07_19:59:29,0.019
2025-07-07_20:00:25,0.019
2025-07-07_20:01:20,0.019
2025-07-07_20:02:15,0.019
2025-07-07_20:03:11,0.018
2025-07-07_20:04:06,0.018
2025-07-07_20:05:01,0.018
2025-07-07_20:05:57,0.016
2025-07-07_20:06:52,0.018
2025-07-07_20:07:47,0.017
2025-07-07_20:08:43,0.018
2025-07-07_20:09:38,0.019
2025-07-07_20:11:29,0.016
2025-07-07_20:12:24,0.017
2025-07-07_20:13:19,0.018
2025-07-07_20:14:15,0.019
2025-07-07_20:15:10,0.019
2025-07-07_20:16:05,0.021
2025-07-07_20:17:01,0.021
2025-07-07_20:17:56,0.019
2025-07-07_20:18:52,0.018
2025-07-07_20:19:47,0.018
2025-07-07_20:20:43,0.019
2025-07-07_20:21:38,0.020
2025-07-07_20:23:29,0.019
2025-07-07_20:24:24,0.018
2025-07-07_20:25:19,0.018
2025-07-07_20:26:15,0.019
2025-07-07_20:27:10,0.019
2025-07-07_20:28:05,0.019
2025-07-07_20:29:01,0.018
2025-07-07_20:29:56,0.018
2025-07-07_20:30:52,0.018
2025-07-07_20:31:47,0.018
2025-07-07_20:32:42,-999
2025-07-07_20:33:38,0.019
2025-07-07_20:35:28,0.019
2025-07-07_20:36:24,0.019
2025-07-07_20:37:19,0.019
2025-07-07_20:38:14,0.020
2025-07-07_20:39:10,0.021
2025-07-07_20:40:05,0.018
2025-07-07_20:41:00,0.020
2025-07-07_20:41:56,0.020
2025-07-07_20:42:51,0.020
2025-07-07_20:43:46,0.019
2025-07-07_20:44:42,0.020
2025-07-07_20:45:37,0.022
2025-07-07_20:47:28,0.020
2025-07-07_20:48:23,0.020
2025-07-07_20:49:19,0.020
2025-07-07_20:50:14,0.020
2025-07-07_20:51:09,0.020
2025-07-07_20:52:05,0.018
2025-07-07_20:53:00,0.020
2025-07-07_20:53:55,0.019
2025-07-07_20:54:51,0.020
2025-07-07_20:55:46,0.021
2025-07-07_20:56:41,0.021
2025-07-07_20:57:37,0.021
2025-07-07_20:59:27,0.023
2025-07-07_21:00:23,0.023
2025-07-07_21:01:18,0.022
2025-07-07_21:02:14,0.023
2025-07-07_21:03:09,0.021
2025-07-07_21:04:04,0.020
2025-07-07_21:05:00,0.020
2025-07-07_21:05:55,0.020
2025-07-07_21:06:50,0.022
2025-07-07_21:07:46,0.021
2025-07-07_21:08:41,0.023
2025-07-07_21:09:36,0.024
2025-07-07_21:11:27,0.022
2025-07-07_21:12:23,0.023
2025-07-07_21:13:18,0.024
2025-07-07_21:14:13,0.024
2025-07-07_21:15:09,0.022
2025-07-07_21:16:04,0.024
2025-07-07_21:16:59,0.023
2025-07-07_21:17:55,0.023
2025-07-07_21:18:50,0.024
2025-07-07_21:19:45,0.024
2025-07-07_21:20:41,0.024
2025-07-07_21:21:36,0.023
2025-07-07_21:23:27,0.023
2025-07-07_21:24:22,0.023
2025-07-07_21:25:17,0.023
2025-07-07_21:26:13,0.024
2025-07-07_21:27:08,0.024
2025-07-07_21:28:04,0.023
2025-07-07_21:28:59,0.023
2025-07-07_21:29:54,0.023
2025-07-07_21:30:50,0.023
2025-07-07_21:31:45,0.025
2025-07-07_21:32:40,0.026
2025-07-07_21:33:36,0.025
2025-07-07_21:35:27,0.026
2025-07-07_21:36:22,0.026
2025-07-07_21:37:18,0.026
2025-07-07_21:38:13,0.026
2025-07-07_21:39:08,0.025
2025-07-07_21:40:04,0.025
2025-07-07_21:40:59,0.025
2025-07-07_21:41:55,0.026
2025-07-07_21:42:50,0.027
2025-07-07_21:43:45,0.027
2025-07-07_21:44:41,0.026
2025-07-07_21:45:36,0.027
2025-07-07_21:47:27,0.026
2025-07-07_21:48:22,0.026
2025-07-07_21:49:18,0.026
2025-07-07_21:50:13,0.025
2025-07-07_21:51:08,0.025
2025-07-07_21:52:04,0.025
2025-07-07_21:52:59,0.025
2025-07-07_21:53:54,0.025
2025-07-07_21:54:50,-999
2025-07-07_21:55:45,-999
2025-07-07_21:56:41,0.024
2025-07-07_21:57:36,-999
2025-07-07_21:59:27,0.025
2025-07-07_22:00:22,0.026
2025-07-07_22:01:17,0.025
2025-07-07_22:02:13,0.025
2025-07-07_22:03:08,0.025
2025-07-07_22:04:04,0.028
2025-07-07_22:04:59,0.026
2025-07-07_22:05:54,0.026
2025-07-07_22:06:50,0.026
2025-07-07_22:07:45,0.025
2025-07-07_22:08:41,0.026
2025-07-07_22:09:36,0.025
2025-07-07_22:11:27,0.026
2025-07-07_22:12:22,0.026
2025-07-07_22:13:17,0.026
2025-07-07_22:14:13,0.026
2025-07-07_22:15:08,0.026
2025-07-07_22:16:04,0.026
2025-07-07_22:16:59,0.025
2025-07-07_22:17:54,0.023
2025-07-07_22:18:50,0.024
2025-07-07_22:19:45,0.025
2025-07-07_22:20:40,0.025
2025-07-07_22:21:36,0.025
2025-07-07_22:23:26,0.025
2025-07-07_22:24:22,0.025
2025-07-07_22:25:17,0.024
2025-07-07_22:26:12,0.025
2025-07-07_22:27:08,0.025
2025-07-07_22:28:03,0.026
2025-07-07_22:28:59,0.026
2025-07-07_22:29:54,0.026
2025-07-07_22:30:49,0.026
2025-07-07_22:31:45,0.027
2025-07-07_22:32:40,0.026
2025-07-07_22:34:31,0.024
2025-07-07_22:35:26,0.024
2025-07-07_22:36:21,0.025
2025-07-07_22:37:17,0.025
2025-07-07_22:38:12,0.025
2025-07-07_22:39:08,0.025
2025-07-07_22:40:03,0.025
2025-07-07_22:40:58,0.024
2025-07-07_22:41:54,0.023
2025-07-07_22:42:49,0.024
2025-07-07_22:43:45,0.025
2025-07-07_22:44:40,0.026
2025-07-07_22:46:31,0.025
2025-07-07_22:47:26,0.025
2025-07-07_22:48:21,0.025
2025-07-07_22:49:17,0.025
2025-07-07_22:50:12,0.026
2025-07-07_22:51:08,0.026
2025-07-07_22:52:03,0.026
2025-07-07_22:52:58,0.025
2025-07-07_22:53:54,0.026
2025-07-07_22:54:49,0.025
2025-07-07_22:55:44,0.026
2025-07-07_22:56:40,0.026
2025-07-07_22:57:35,0.026
2025-07-07_22:59:27,0.027
2025-07-07_23:00:22,0.027
2025-07-07_23:01:17,0.027
2025-07-07_23:02:13,0.026
2025-07-07_23:03:08,0.027
2025-07-07_23:04:03,0.027
2025-07-07_23:04:59,0.027
2025-07-07_23:05:54,0.026
2025-07-07_23:06:50,0.026
2025-07-07_23:07:45,0.026
2025-07-07_23:08:40,0.027
2025-07-07_23:09:36,0.026
2025-07-07_23:11:27,0.025
2025-07-07_23:12:22,0.025
2025-07-07_23:13:17,0.025
2025-07-07_23:14:13,0.026
2025-07-07_23:15:08,0.026
2025-07-07_23:16:03,0.026
2025-07-07_23:16:59,0.026
2025-07-07_23:17:54,0.026
2025-07-07_23:18:49,0.025
2025-07-07_23:19:45,0.025
2025-07-07_23:20:40,0.026
2025-07-07_23:21:35,0.026
2025-07-07_23:23:26,0.025
2025-07-07_23:24:22,0.025
2025-07-07_23:25:17,0.027
2025-07-07_23:26:12,0.027
2025-07-07_23:27:08,0.027
2025-07-07_23:28:03,0.026
2025-07-07_23:28:58,0.027
2025-07-07_23:29:54,0.027
2025-07-07_23:30:49,0.027
2025-07-07_23:31:44,0.026
2025-07-07_23:32:40,0.025
2025-07-07_23:34:30,0.026
2025-07-07_23:35:26,0.027
2025-07-07_23:36:21,0.027
2025-07-07_23:37:17,0.028
2025-07-07_23:38:12,0.027
2025-07-07_23:39:07,0.025
2025-07-07_23:40:03,0.026
2025-07-07_23:40:58,0.026
2025-07-07_23:41:53,0.027
2025-07-07_23:42:49,0.027
2025-07-07_23:43:44,0.027
2025-07-07_23:44:39,0.027
2025-07-07_23:46:30,0.027
2025-07-07_23:47:25,-999
2025-07-07_23:48:21,0.026
2025-07-07_23:49:16,0.027
2025-07-07_23:50:12,0.026
2025-07-07_23:51:07,0.027
2025-07-07_23:52:02,0.028
2025-07-07_23:52:58,0.028
2025-07-07_23:53:53,0.028
2025-07-07_23:54:48,0.027
2025-07-07_23:55:44,0.026
2025-07-07_23:56:39,0.027
2025-07-07_23:58:30,0.028
2025-07-07_23:59:25,0.028